{
  "low": {
    "logreg_noisy": [
      0.617,
      0.614,
      0.619,
      0.621,
      0.619,
      0.619,
      0.616,
      0.621,
      0.616,
      0.623
    ],
    "logreg_denoised": [
      0.721,
      0.722,
      0.721,
      0.722,
      0.724,
      0.725,
      0.72,
      0.724,
      0.723,
      0.723
    ],
    "gcn": [
      0.6779999732971191,
      0.7009999752044678,
      0.7020000219345093,
      0.7070000171661377,
      0.6710000038146973,
      0.7039999961853027,
      0.7059999704360962,
      0.7080000042915344,
      0.703000009059906,
      0.7149999737739563
    ],
    "graphsage": [
      0.6859999895095825,
      0.7160000205039978,
      0.7009999752044678,
      0.6819999814033508,
      0.6980000138282776,
      0.6819999814033508,
      0.7229999899864197,
      0.6779999732971191,
      0.6980000138282776,
      0.7139999866485596
    ],
    "gat": [
      0.7229999899864197,
      0.7210000157356262,
      0.7059999704360962,
      0.7210000157356262,
      0.7279999852180481,
      0.722000002861023,
      0.7260000109672546,
      0.7160000205039978,
      0.6970000267028809,
      0.7089999914169312
    ]
  },
  "medium": {
    "logreg_noisy": [
      0.606,
      0.603,
      0.621,
      0.616,
      0.602,
      0.604,
      0.602,
      0.6,
      0.609,
      0.609
    ],
    "logreg_denoised": [
      0.724,
      0.717,
      0.72,
      0.722,
      0.717,
      0.728,
      0.716,
      0.712,
      0.717,
      0.725
    ],
    "gcn": [
      0.7039999961853027,
      0.7139999866485596,
      0.6980000138282776,
      0.7129999995231628,
      0.6919999718666077,
      0.7039999961853027,
      0.7160000205039978,
      0.7049999833106995,
      0.7080000042915344,
      0.7170000076293945
    ],
    "graphsage": [
      0.6880000233650208,
      0.6740000247955322,
      0.6940000057220459,
      0.6949999928474426,
      0.6830000281333923,
      0.6859999895095825,
      0.6959999799728394,
      0.6740000247955322,
      0.6949999928474426,
      0.7139999866485596
    ],
    "gat": [
      0.7080000042915344,
      0.7110000252723694,
      0.699999988079071,
      0.7120000123977661,
      0.7149999737739563,
      0.7250000238418579,
      0.7049999833106995,
      0.7120000123977661,
      0.7110000252723694,
      0.7049999833106995
    ]
  },
  "heavy": {
    "logreg_noisy": [
      0.577,
      0.568,
      0.577,
      0.566,
      0.557,
      0.574,
      0.553,
      0.574,
      0.566,
      0.591
    ],
    "logreg_denoised": [
      0.715,
      0.708,
      0.721,
      0.712,
      0.705,
      0.709,
      0.706,
      0.702,
      0.702,
      0.717
    ],
    "gcn": [
      0.7049999833106995,
      0.699999988079071,
      0.7009999752044678,
      0.7120000123977661,
      0.6740000247955322,
      0.6909999847412109,
      0.7070000171661377,
      0.6959999799728394,
      0.6930000185966492,
      0.6980000138282776
    ],
    "graphsage": [
      0.671999990940094,
      0.6669999957084656,
      0.6850000023841858,
      0.6800000071525574,
      0.6819999814033508,
      0.7009999752044678,
      0.6919999718666077,
      0.6930000185966492,
      0.6579999923706055,
      0.6850000023841858
    ],
    "gat": [
      0.703000009059906,
      0.6840000152587891,
      0.6980000138282776,
      0.7160000205039978,
      0.7170000076293945,
      0.7009999752044678,
      0.6970000267028809,
      0.6880000233650208,
      0.6890000104904175,
      0.7059999704360962
    ]
  }
}