{
  "low": {
    "logreg_noisy": [
      0.577,
      0.573,
      0.571,
      0.57,
      0.576,
      0.571,
      0.568,
      0.572,
      0.574,
      0.574
    ],
    "logreg_denoised": [
      0.74,
      0.739,
      0.741,
      0.736,
      0.74,
      0.74,
      0.742,
      0.737,
      0.737,
      0.742
    ],
    "gcn": [
      0.8069999814033508,
      0.8159999847412109,
      0.8159999847412109,
      0.8259999752044678,
      0.8140000104904175,
      0.8140000104904175,
      0.8019999861717224,
      0.8190000057220459,
      0.828000009059906,
      0.8100000023841858
    ],
    "graphsage": [
      0.7940000295639038,
      0.7749999761581421,
      0.7860000133514404,
      0.8040000200271606,
      0.7919999957084656,
      0.7929999828338623,
      0.7820000052452087,
      0.8009999990463257,
      0.7860000133514404,
      0.7710000276565552
    ],
    "gat": [
      0.8349999785423279,
      0.8339999914169312,
      0.824999988079071,
      0.8289999961853027,
      0.8220000267028809,
      0.8149999976158142,
      0.8220000267028809,
      0.8149999976158142,
      0.8309999704360962,
      0.8209999799728394
    ]
  },
  "medium": {
    "logreg_noisy": [
      0.537,
      0.556,
      0.55,
      0.544,
      0.552,
      0.547,
      0.554,
      0.549,
      0.56,
      0.561
    ],
    "logreg_denoised": [
      0.734,
      0.746,
      0.74,
      0.749,
      0.732,
      0.741,
      0.74,
      0.731,
      0.744,
      0.745
    ],
    "gcn": [
      0.8069999814033508,
      0.8119999766349792,
      0.8100000023841858,
      0.8209999799728394,
      0.8069999814033508,
      0.8130000233650208,
      0.7990000247955322,
      0.8050000071525574,
      0.8109999895095825,
      0.8109999895095825
    ],
    "graphsage": [
      0.7910000085830688,
      0.7919999957084656,
      0.7820000052452087,
      0.7900000214576721,
      0.8009999990463257,
      0.8050000071525574,
      0.7929999828338623,
      0.7900000214576721,
      0.7960000038146973,
      0.781000018119812
    ],
    "gat": [
      0.8320000171661377,
      0.8270000219345093,
      0.8059999942779541,
      0.8080000281333923,
      0.8259999752044678,
      0.8119999766349792,
      0.8270000219345093,
      0.8169999718666077,
      0.8140000104904175,
      0.8180000185966492
    ]
  },
  "heavy": {
    "logreg_noisy": [
      0.497,
      0.484,
      0.485,
      0.492,
      0.474,
      0.479,
      0.505,
      0.474,
      0.509,
      0.494
    ],
    "logreg_denoised": [
      0.729,
      0.733,
      0.73,
      0.74,
      0.717,
      0.732,
      0.729,
      0.709,
      0.735,
      0.732
    ],
    "gcn": [
      0.7919999957084656,
      0.8019999861717224,
      0.7910000085830688,
      0.8050000071525574,
      0.7919999957084656,
      0.7889999747276306,
      0.7879999876022339,
      0.7770000100135803,
      0.7960000038146973,
      0.7950000166893005
    ],
    "graphsage": [
      0.7599999904632568,
      0.7770000100135803,
      0.7639999985694885,
      0.7860000133514404,
      0.765999972820282,
      0.7730000019073486,
      0.7649999856948853,
      0.7559999823570251,
      0.753000020980835,
      0.7670000195503235
    ],
    "gat": [
      0.8149999976158142,
      0.8090000152587891,
      0.7860000133514404,
      0.7950000166893005,
      0.7990000247955322,
      0.7910000085830688,
      0.8080000281333923,
      0.777999997138977,
      0.8100000023841858,
      0.8149999976158142
    ]
  }
}