{
  "0.5": {
    "logreg_noisy": [
      0.68,
      0.725,
      0.68,
      0.705,
      0.725,
      0.68,
      0.725,
      0.68,
      0.705,
      0.725,
      0.68,
      0.725,
      0.68,
      0.705,
      0.725
    ],
    "logreg_denoised_plain": [
      0.51,
      0.525,
      0.53,
      0.555,
      0.535,
      0.525,
      0.52,
      0.51,
      0.48,
      0.48,
      0.5,
      0.525,
      0.5,
      0.485,
      0.505
    ],
    "learned_sde": [
      0.6050000190734863,
      0.550000011920929,
      0.5699999928474426,
      0.574999988079071,
      0.5799999833106995,
      0.625,
      0.5649999976158142,
      0.6349999904632568,
      0.6000000238418579,
      0.5699999928474426,
      0.5849999785423279,
      0.5400000214576721,
      0.5899999737739563,
      0.5550000071525574,
      0.5849999785423279
    ],
    "gcn": [
      0.6349999904632568,
      0.6100000143051147,
      0.6150000095367432,
      0.6299999952316284,
      0.6050000190734863,
      0.6150000095367432,
      0.6000000238418579,
      0.6150000095367432,
      0.5950000286102295,
      0.5849999785423279,
      0.5600000023841858,
      0.5149999856948853,
      0.5550000071525574,
      0.5950000286102295,
      0.5550000071525574
    ]
  },
  "0.6": {
    "logreg_noisy": [
      0.68,
      0.725,
      0.68,
      0.705,
      0.725,
      0.68,
      0.725,
      0.68,
      0.705,
      0.725,
      0.68,
      0.725,
      0.68,
      0.705,
      0.725
    ],
    "logreg_denoised_plain": [
      0.49,
      0.505,
      0.475,
      0.505,
      0.505,
      0.56,
      0.575,
      0.575,
      0.55,
      0.565,
      0.535,
      0.55,
      0.54,
      0.565,
      0.555
    ],
    "learned_sde": [
      0.6700000166893005,
      0.7400000095367432,
      0.7450000047683716,
      0.6850000023841858,
      0.7350000143051147,
      0.6850000023841858,
      0.6949999928474426,
      0.7250000238418579,
      0.6949999928474426,
      0.7149999737739563,
      0.6850000023841858,
      0.7549999952316284,
      0.6949999928474426,
      0.6600000262260437,
      0.675000011920929
    ],
    "gcn": [
      0.699999988079071,
      0.6650000214576721,
      0.675000011920929,
      0.675000011920929,
      0.6949999928474426,
      0.6549999713897705,
      0.6899999976158142,
      0.6650000214576721,
      0.7099999785423279,
      0.7049999833106995,
      0.675000011920929,
      0.6899999976158142,
      0.6949999928474426,
      0.675000011920929,
      0.7250000238418579
    ]
  },
  "0.7": {
    "logreg_noisy": [
      0.68,
      0.725,
      0.68,
      0.705,
      0.725,
      0.68,
      0.725,
      0.68,
      0.705,
      0.725,
      0.68,
      0.725,
      0.68,
      0.705,
      0.725
    ],
    "logreg_denoised_plain": [
      0.575,
      0.59,
      0.6,
      0.585,
      0.59,
      0.635,
      0.665,
      0.655,
      0.65,
      0.655,
      0.64,
      0.63,
      0.66,
      0.665,
      0.64
    ],
    "learned_sde": [
      0.7900000214576721,
      0.8199999928474426,
      0.8100000023841858,
      0.8450000286102295,
      0.8299999833106995,
      0.7200000286102295,
      0.7699999809265137,
      0.8050000071525574,
      0.7599999904632568,
      0.75,
      0.7350000143051147,
      0.8050000071525574,
      0.7649999856948853,
      0.7350000143051147,
      0.8050000071525574
    ],
    "gcn": [
      0.7649999856948853,
      0.824999988079071,
      0.800000011920929,
      0.7950000166893005,
      0.7900000214576721,
      0.800000011920929,
      0.7850000262260437,
      0.800000011920929,
      0.7599999904632568,
      0.7950000166893005,
      0.7749999761581421,
      0.7950000166893005,
      0.7400000095367432,
      0.7950000166893005,
      0.824999988079071
    ]
  },
  "0.8": {
    "logreg_noisy": [
      0.68,
      0.725,
      0.68,
      0.705,
      0.725,
      0.68,
      0.725,
      0.68,
      0.705,
      0.725,
      0.68,
      0.725,
      0.68,
      0.705,
      0.725
    ],
    "logreg_denoised_plain": [
      0.89,
      0.88,
      0.885,
      0.88,
      0.88,
      0.87,
      0.89,
      0.86,
      0.87,
      0.875,
      0.835,
      0.8,
      0.81,
      0.82,
      0.83
    ],
    "learned_sde": [
      0.8999999761581421,
      0.8849999904632568,
      0.8999999761581421,
      0.8849999904632568,
      0.8949999809265137,
      0.9300000071525574,
      0.9049999713897705,
      0.9150000214576721,
      0.8849999904632568,
      0.9599999785423279,
      0.8650000095367432,
      0.8600000143051147,
      0.8600000143051147,
      0.8399999737739563,
      0.8849999904632568
    ],
    "gcn": [
      0.8700000047683716,
      0.8700000047683716,
      0.8999999761581421,
      0.8500000238418579,
      0.875,
      0.9100000262260437,
      0.9350000023841858,
      0.9150000214576721,
      0.9150000214576721,
      0.9100000262260437,
      0.8899999856948853,
      0.8600000143051147,
      0.8500000238418579,
      0.9100000262260437,
      0.875
    ]
  },
  "0.9": {
    "logreg_noisy": [
      0.68,
      0.725,
      0.68,
      0.705,
      0.725,
      0.68,
      0.725,
      0.68,
      0.705,
      0.725,
      0.68,
      0.725,
      0.68,
      0.705,
      0.725
    ],
    "logreg_denoised_plain": [
      0.985,
      0.97,
      0.98,
      0.975,
      0.98,
      0.98,
      0.98,
      0.975,
      0.98,
      0.98,
      0.985,
      0.98,
      0.98,
      0.98,
      0.98
    ],
    "learned_sde": [
      0.9449999928474426,
      0.949999988079071,
      0.9549999833106995,
      0.949999988079071,
      0.9549999833106995,
      0.9549999833106995,
      0.9750000238418579,
      0.9700000286102295,
      0.949999988079071,
      0.9549999833106995,
      0.949999988079071,
      0.949999988079071,
      0.9700000286102295,
      0.9700000286102295,
      0.9649999737739563
    ],
    "gcn": [
      0.949999988079071,
      0.9449999928474426,
      0.9549999833106995,
      0.9200000166893005,
      0.9350000023841858,
      0.9649999737739563,
      0.9750000238418579,
      0.9649999737739563,
      0.949999988079071,
      0.9599999785423279,
      0.9449999928474426,
      0.949999988079071,
      0.9449999928474426,
      0.9350000023841858,
      0.9399999976158142
    ]
  }
}