{
  "low": {
    "logreg_noisy": [
      0.736,
      0.723,
      0.732,
      0.735,
      0.729,
      0.731,
      0.741,
      0.736,
      0.727,
      0.731
    ],
    "logreg_denoised": [
      0.758,
      0.762,
      0.762,
      0.76,
      0.76,
      0.765,
      0.758,
      0.763,
      0.762,
      0.764
    ],
    "gcn": [
      0.7940000295639038,
      0.7799999713897705,
      0.781000018119812,
      0.7900000214576721,
      0.7960000038146973,
      0.7820000052452087,
      0.7910000085830688,
      0.7960000038146973,
      0.7919999957084656,
      0.796999990940094
    ],
    "graphsage": [
      0.7760000228881836,
      0.765999972820282,
      0.777999997138977,
      0.7670000195503235,
      0.7730000019073486,
      0.7649999856948853,
      0.765999972820282,
      0.7710000276565552,
      0.765999972820282,
      0.7749999761581421
    ],
    "gat": [
      0.7789999842643738,
      0.7760000228881836,
      0.7730000019073486,
      0.7630000114440918,
      0.7799999713897705,
      0.7839999794960022,
      0.781000018119812,
      0.7919999957084656,
      0.777999997138977,
      0.7689999938011169
    ]
  },
  "medium": {
    "logreg_noisy": [
      0.724,
      0.701,
      0.722,
      0.727,
      0.713,
      0.72,
      0.713,
      0.708,
      0.712,
      0.706
    ],
    "logreg_denoised": [
      0.748,
      0.749,
      0.757,
      0.753,
      0.763,
      0.755,
      0.747,
      0.76,
      0.75,
      0.757
    ],
    "gcn": [
      0.7760000228881836,
      0.7710000276565552,
      0.777999997138977,
      0.7799999713897705,
      0.7860000133514404,
      0.7820000052452087,
      0.777999997138977,
      0.7789999842643738,
      0.7799999713897705,
      0.7900000214576721
    ],
    "graphsage": [
      0.7620000243186951,
      0.75,
      0.7730000019073486,
      0.7630000114440918,
      0.7630000114440918,
      0.7670000195503235,
      0.7710000276565552,
      0.7630000114440918,
      0.7599999904632568,
      0.765999972820282
    ],
    "gat": [
      0.7710000276565552,
      0.765999972820282,
      0.7749999761581421,
      0.765999972820282,
      0.7720000147819519,
      0.7689999938011169,
      0.7739999890327454,
      0.7799999713897705,
      0.7689999938011169,
      0.7760000228881836
    ]
  },
  "heavy": {
    "logreg_noisy": [
      0.649,
      0.629,
      0.675,
      0.653,
      0.675,
      0.652,
      0.653,
      0.655,
      0.633,
      0.655
    ],
    "logreg_denoised": [
      0.712,
      0.718,
      0.737,
      0.738,
      0.735,
      0.722,
      0.73,
      0.736,
      0.698,
      0.734
    ],
    "gcn": [
      0.7649999856948853,
      0.746999979019165,
      0.7670000195503235,
      0.7599999904632568,
      0.7480000257492065,
      0.7519999742507935,
      0.7599999904632568,
      0.7699999809265137,
      0.7419999837875366,
      0.7820000052452087
    ],
    "graphsage": [
      0.7509999871253967,
      0.7210000157356262,
      0.7540000081062317,
      0.7110000252723694,
      0.746999979019165,
      0.6930000185966492,
      0.7609999775886536,
      0.7379999756813049,
      0.734000027179718,
      0.7250000238418579
    ],
    "gat": [
      0.7379999756813049,
      0.7369999885559082,
      0.7590000033378601,
      0.7559999823570251,
      0.7649999856948853,
      0.765999972820282,
      0.753000020980835,
      0.7599999904632568,
      0.7590000033378601,
      0.7639999985694885
    ]
  }
}