{
  "properties": {
    "42": {
      "0.5": {
        "actual_homophily": 0.5009966777408638,
        "avg_degree": 6.02,
        "lambda2_giant": 0.5067469719904577,
        "giant_frac": 0.995
      },
      "0.6": {
        "actual_homophily": 0.5976705490848586,
        "avg_degree": 6.01,
        "lambda2_giant": 0.6087699626285012,
        "giant_frac": 0.994
      },
      "0.7": {
        "actual_homophily": 0.6973421926910299,
        "avg_degree": 6.02,
        "lambda2_giant": 0.42489154070688967,
        "giant_frac": 0.997
      },
      "0.8": {
        "actual_homophily": 0.7992688600864074,
        "avg_degree": 6.018,
        "lambda2_giant": 0.532029770616824,
        "giant_frac": 0.996
      },
      "0.9": {
        "actual_homophily": 0.8934696569920845,
        "avg_degree": 6.064,
        "lambda2_giant": 0.5048109723584855,
        "giant_frac": 0.997
      }
    },
    "43": {
      "0.5": {
        "actual_homophily": 0.5034223134839151,
        "avg_degree": 5.844,
        "lambda2_giant": 0.2844173135964977,
        "giant_frac": 0.996
      },
      "0.6": {
        "actual_homophily": 0.6056578050443081,
        "avg_degree": 5.868,
        "lambda2_giant": 0.6291780932829937,
        "giant_frac": 0.999
      },
      "0.7": {
        "actual_homophily": 0.7030612244897959,
        "avg_degree": 5.88,
        "lambda2_giant": 0.5985499835516339,
        "giant_frac": 0.999
      },
      "0.8": {
        "actual_homophily": 0.8016085790884718,
        "avg_degree": 5.968,
        "lambda2_giant": 0.3376423092083089,
        "giant_frac": 0.998
      },
      "0.9": {
        "actual_homophily": 0.9054008721905401,
        "avg_degree": 5.962,
        "lambda2_giant": 0.4873166300459828,
        "giant_frac": 0.997
      }
    },
    "44": {
      "0.5": {
        "actual_homophily": 0.4917867918203151,
        "avg_degree": 5.966,
        "lambda2_giant": 0.6363916958351749,
        "giant_frac": 0.999
      },
      "0.6": {
        "actual_homophily": 0.5939069300301306,
        "avg_degree": 5.974,
        "lambda2_giant": 0.5274903133012983,
        "giant_frac": 0.997
      },
      "0.7": {
        "actual_homophily": 0.6884860691507217,
        "avg_degree": 5.958,
        "lambda2_giant": 0.3504974561484818,
        "giant_frac": 0.998
      },
      "0.8": {
        "actual_homophily": 0.7925622654384169,
        "avg_degree": 5.862,
        "lambda2_giant": 0.630881130175784,
        "giant_frac": 0.997
      },
      "0.9": {
        "actual_homophily": 0.900103698582786,
        "avg_degree": 5.786,
        "lambda2_giant": 0.349381057798967,
        "giant_frac": 0.992
      }
    }
  },
  "results": {
    "42": {
      "0.5": {
        "logreg_noisy": [
          0.68,
          0.725,
          0.68,
          0.705,
          0.725
        ],
        "logreg_denoised": [
          0.51,
          0.525,
          0.53,
          0.555,
          0.535
        ],
        "logreg_denoised_reaction": [
          0.525,
          0.535,
          0.54,
          0.53,
          0.515
        ],
        "gcn": [
          0.6549999713897705,
          0.5849999785423279,
          0.625,
          0.6100000143051147,
          0.625
        ],
        "graphsage": [
          0.6549999713897705,
          0.7300000190734863,
          0.675000011920929,
          0.6600000262260437,
          0.6899999976158142
        ],
        "gat": [
          0.6100000143051147,
          0.6200000047683716,
          0.5600000023841858,
          0.574999988079071,
          0.49000000953674316
        ]
      },
      "0.6": {
        "logreg_noisy": [
          0.68,
          0.725,
          0.68,
          0.705,
          0.725
        ],
        "logreg_denoised": [
          0.49,
          0.505,
          0.475,
          0.505,
          0.505
        ],
        "logreg_denoised_reaction": [
          0.515,
          0.52,
          0.54,
          0.525,
          0.54
        ],
        "gcn": [
          0.6700000166893005,
          0.6600000262260437,
          0.6499999761581421,
          0.6600000262260437,
          0.675000011920929
        ],
        "graphsage": [
          0.6899999976158142,
          0.7649999856948853,
          0.6700000166893005,
          0.7250000238418579,
          0.7400000095367432
        ],
        "gat": [
          0.6949999928474426,
          0.6899999976158142,
          0.6650000214576721,
          0.6700000166893005,
          0.6650000214576721
        ]
      },
      "0.7": {
        "logreg_noisy": [
          0.68,
          0.725,
          0.68,
          0.705,
          0.725
        ],
        "logreg_denoised": [
          0.575,
          0.59,
          0.6,
          0.585,
          0.59
        ],
        "logreg_denoised_reaction": [
          0.685,
          0.7,
          0.7,
          0.68,
          0.68
        ],
        "gcn": [
          0.8050000071525574,
          0.7950000166893005,
          0.8299999833106995,
          0.7900000214576721,
          0.7950000166893005
        ],
        "graphsage": [
          0.75,
          0.7749999761581421,
          0.7549999952316284,
          0.7699999809265137,
          0.7900000214576721
        ],
        "gat": [
          0.7649999856948853,
          0.7699999809265137,
          0.7300000190734863,
          0.75,
          0.800000011920929
        ]
      },
      "0.8": {
        "logreg_noisy": [
          0.68,
          0.725,
          0.68,
          0.705,
          0.725
        ],
        "logreg_denoised": [
          0.89,
          0.88,
          0.885,
          0.88,
          0.88
        ],
        "logreg_denoised_reaction": [
          0.91,
          0.895,
          0.905,
          0.89,
          0.89
        ],
        "gcn": [
          0.8849999904632568,
          0.8849999904632568,
          0.9049999713897705,
          0.8399999737739563,
          0.8700000047683716
        ],
        "graphsage": [
          0.8600000143051147,
          0.8500000238418579,
          0.8199999928474426,
          0.8550000190734863,
          0.8999999761581421
        ],
        "gat": [
          0.8600000143051147,
          0.875,
          0.9100000262260437,
          0.8700000047683716,
          0.8849999904632568
        ]
      },
      "0.9": {
        "logreg_noisy": [
          0.68,
          0.725,
          0.68,
          0.705,
          0.725
        ],
        "logreg_denoised": [
          0.985,
          0.97,
          0.98,
          0.975,
          0.98
        ],
        "logreg_denoised_reaction": [
          0.985,
          0.975,
          0.98,
          0.98,
          0.98
        ],
        "gcn": [
          0.9449999928474426,
          0.9449999928474426,
          0.9599999785423279,
          0.9449999928474426,
          0.9599999785423279
        ],
        "graphsage": [
          0.9449999928474426,
          0.949999988079071,
          0.9549999833106995,
          0.9300000071525574,
          0.9200000166893005
        ],
        "gat": [
          0.9350000023841858,
          0.9449999928474426,
          0.9649999737739563,
          0.9449999928474426,
          0.9449999928474426
        ]
      }
    },
    "43": {
      "0.5": {
        "logreg_noisy": [
          0.68,
          0.725,
          0.68,
          0.705,
          0.725
        ],
        "logreg_denoised": [
          0.525,
          0.52,
          0.51,
          0.48,
          0.48
        ],
        "logreg_denoised_reaction": [
          0.495,
          0.51,
          0.5,
          0.465,
          0.49
        ],
        "gcn": [
          0.6200000047683716,
          0.6150000095367432,
          0.5899999737739563,
          0.6100000143051147,
          0.6150000095367432
        ],