{
  "homophily_fixed": 0.73,
  "properties": {
    "42": {
      "0.0": {
        "isolated_actual": 0,
        "n_components": 4,
        "active_avg_degree": 5.966,
        "actual_homophily": 0.7304726785115655,
        "largest_cc_frac": 0.997,
        "lambda2_giant": 0.5061452043899973
      },
      "0.02": {
        "isolated_actual": 20,
        "n_components": 23,
        "active_avg_degree": 6.03265306122449,
        "actual_homophily": 0.7236129905277402,
        "largest_cc_frac": 0.978,
        "lambda2_giant": 0.601798223274161
      },
      "0.05": {
        "isolated_actual": 50,
        "n_components": 51,
        "active_avg_degree": 5.930526315789474,
        "actual_homophily": 0.7312744053958111,
        "largest_cc_frac": 0.95,
        "lambda2_giant": 0.3075537217268806
      },
      "0.1": {
        "isolated_actual": 100,
        "n_components": 104,
        "active_avg_degree": 6.024444444444445,
        "actual_homophily": 0.7299889339727038,
        "largest_cc_frac": 0.897,
        "lambda2_giant": 0.6164413267943661
      },
      "0.2": {
        "isolated_actual": 200,
        "n_components": 204,
        "active_avg_degree": 5.9175,
        "actual_homophily": 0.7389100126742713,
        "largest_cc_frac": 0.797,
        "lambda2_giant": 0.541354460698002
      },
      "0.3": {
        "isolated_actual": 300,
        "n_components": 305,
        "active_avg_degree": 5.857142857142857,
        "actual_homophily": 0.7390243902439024,
        "largest_cc_frac": 0.696,
        "lambda2_giant": 0.2873757211011611
      }
    },
    "43": {
      "0.0": {
        "isolated_actual": 0,
        "n_components": 6,
        "active_avg_degree": 5.774,
        "actual_homophily": 0.7287842050571528,
        "largest_cc_frac": 0.995,
        "lambda2_giant": 0.6046502248295711
      },
      "0.02": {
        "isolated_actual": 20,
        "n_components": 22,
        "active_avg_degree": 5.8,
        "actual_homophily": 0.7223786066150598,
        "largest_cc_frac": 0.979,
        "lambda2_giant": 0.5278253193158253
      },
      "0.05": {
        "isolated_actual": 50,
        "n_components": 54,
        "active_avg_degree": 5.896842105263158,
        "actual_homophily": 0.7158157800785434,
        "largest_cc_frac": 0.947,
        "lambda2_giant": 0.5157483564888102
      },
      "0.1": {
        "isolated_actual": 100,
        "n_components": 104,
        "active_avg_degree": 5.793333333333333,
        "actual_homophily": 0.729957805907173,
        "largest_cc_frac": 0.897,
        "lambda2_giant": 0.3162714395977968
      },
      "0.2": {
        "isolated_actual": 200,
        "n_components": 203,
        "active_avg_degree": 5.8625,
        "actual_homophily": 0.72409381663113,
        "largest_cc_frac": 0.798,
        "lambda2_giant": 0.5094935436225483
      },
      "0.3": {
        "isolated_actual": 300,
        "n_components": 302,
        "active_avg_degree": 5.871428571428571,
        "actual_homophily": 0.7318734793187348,
        "largest_cc_frac": 0.699,
        "lambda2_giant": 0.5132723363287717
      }
    },
    "44": {
      "0.0": {
        "isolated_actual": 0,
        "n_components": 4,
        "active_avg_degree": 6.024,
        "actual_homophily": 0.7343957503320053,
        "largest_cc_frac": 0.997,
        "lambda2_giant": 0.6075279562103045
      },
      "0.02": {
        "isolated_actual": 20,
        "n_components": 21,
        "active_avg_degree": 6.073469387755102,
        "actual_homophily": 0.7358870967741935,
        "largest_cc_frac": 0.98,
        "lambda2_giant": 0.6363820435446628
      },
      "0.05": {
        "isolated_actual": 50,
        "n_components": 52,
        "active_avg_degree": 6.187368421052631,
        "actual_homophily": 0.7240558012929568,
        "largest_cc_frac": 0.949,
        "lambda2_giant": 0.512940096219317
      },
      "0.1": {
        "isolated_actual": 100,
        "n_components": 102,
        "active_avg_degree": 6.131111111111111,
        "actual_homophily": 0.7375860819137369,
        "largest_cc_frac": 0.899,
        "lambda2_giant": 0.6633053371348314
      },
      "0.2": {
        "isolated_actual": 200,
        "n_components": 201,
        "active_avg_degree": 6.1225,
        "actual_homophily": 0.73172723560637,
        "largest_cc_frac": 0.8,
        "lambda2_giant": 0.5093386388978749
      },
      "0.3": {
        "isolated_actual": 300,
        "n_components": 302,
        "active_avg_degree": 6.082857142857143,
        "actual_homophily": 0.7458900892437764,
        "largest_cc_frac": 0.699,
        "lambda2_giant": 0.6853122146492769
      }
    }
  },
  "results": {
    "42": {
      "0.0": {
        "logreg_noisy": [
          0.7,
          0.675,
          0.66,
          0.665,
          0.7
        ],
        "logreg_denoised": [
          0.535,
          0.535,
          0.54,
          0.54,
          0.535
        ],
        "gcn": [
          0.8500000238418579,
          0.8450000286102295,
          0.8299999833106995,
          0.8349999785423279,
          0.8650000095367432
        ],
        "graphsage": [
          0.824999988079071,
          0.7950000166893005,
          0.7850000262260437,
          0.75,
          0.7850000262260437
        ],
        "gat": [
          0.824999988079071,
          0.8349999785423279,
          0.824999988079071,
          0.8299999833106995,
          0.8349999785423279
        ]
      },
      "0.02": {
        "logreg_noisy": [
          0.715,
          0.66,
          0.685,
          0.68,
          0.685
        ],
        "logreg_denoised": [
          0.49,
          0.48,
          0.5,
          0.49,
          0.495
        ],
        "gcn": [
          0.824999988079071,
          0.7900000214576721,
          0.8299999833106995,
          0.8100000023841858,
          0.8399999737739563
        ],
        "graphsage": [
          0.800000011920929,
          0.7950000166893005,
          0.7749999761581421,
          0.8050000071525574,
          0.8500000238418579
        ],
        "gat": [
          0.8399999737739563,
          0.7749999761581421,
          0.7900000214576721,
          0.8450000286102295,
          0.8199999928474426
        ]
      },
      "0.05": {
        "logreg_noisy": [
          0.715,
          0.66,
          0.68,
          0.68,
          0.705
        ],
        "logreg_denoised": [
          0.505,
          0.5,
          0.49,
          0.52,
          0.475
        ],
        "gcn": [
          0.8349999785423279,
          0.7699999809265137,
          0.7400000095367432,
          0.7799999713897705,
          0.800000011920929
        ],
        "graphsage": [
          0.800000011920929,
          0.7599999904632568,
          0.7549999952316284,
          0.7900000214576721,
          0.7900000214576721
        ],
        "gat": [
          0.7699999809265137,
          0.7699999809265137,
          0.7599999904632568,
          0.7250000238418579,
          0.8100000023841858
        ]
      },
      "0.1": {
        "logreg_noisy": [
          0.75,
          0.665,
          0.685,
          0.66,
          0.675
        ],
        "logreg_denoised": [
          0.56,
          0.515,
          0.545,
          0.525,
          0.545
        ],
        "gcn": [
          0.8050000071525574,
          0.7950000166893005,
          0.8299999833106995,
          0.8149999976158142,
          0.8149999976158142
        ],
        "graphsage": [
          0.8050000071525574,
          0.7649999856948853,
          0.7749999761581421,
          0.7799999713897705,
          0.8199999928474426
        ],
        "gat": [
          0.8100000023841858,
          0.800000011920929,
          0.8149999976158142,
          0.7549999952316284,
          0.800000011920929
        ]
      },
      "0.2": {
        "logreg_noisy": [
          0.71,
          0.66,
          0.67,
          0.65,
          0.665
        ],