{
  "homophily_fixed": 0.6,
  "properties": {
    "42": {
      "0.0": {
        "isolated_actual": 0,
        "n_components": 5,
        "active_avg_degree": 6.014,
        "actual_homophily": 0.592949783837712,
        "largest_cc_frac": 0.996,
        "lambda2_giant": 0.6298099896526616
      },
      "0.02": {
        "isolated_actual": 20,
        "n_components": 25,
        "active_avg_degree": 6.057142857142857,
        "actual_homophily": 0.590633423180593,
        "largest_cc_frac": 0.976,
        "lambda2_giant": 0.4987637577915734
      },
      "0.05": {
        "isolated_actual": 50,
        "n_components": 54,
        "active_avg_degree": 6.010526315789473,
        "actual_homophily": 0.5943957968476358,
        "largest_cc_frac": 0.947,
        "lambda2_giant": 0.6079705976456329
      },
      "0.1": {
        "isolated_actual": 100,
        "n_components": 104,
        "active_avg_degree": 6.0088888888888885,
        "actual_homophily": 0.6024408284023669,
        "largest_cc_frac": 0.897,
        "lambda2_giant": 0.2544545293988646
      },
      "0.2": {
        "isolated_actual": 200,
        "n_components": 202,
        "active_avg_degree": 5.8375,
        "actual_homophily": 0.6094218415417559,
        "largest_cc_frac": 0.799,
        "lambda2_giant": 0.6015809328174244
      },
      "0.3": {
        "isolated_actual": 300,
        "n_components": 302,
        "active_avg_degree": 5.974285714285714,
        "actual_homophily": 0.6068866571018652,
        "largest_cc_frac": 0.699,
        "lambda2_giant": 0.3336736746876915
      }
    },
    "43": {
      "0.0": {
        "isolated_actual": 0,
        "n_components": 3,
        "active_avg_degree": 5.734,
        "actual_homophily": 0.5950470875479595,
        "largest_cc_frac": 0.998,
        "lambda2_giant": 0.3530426128293891
      },
      "0.02": {
        "isolated_actual": 20,
        "n_components": 21,
        "active_avg_degree": 5.848979591836735,
        "actual_homophily": 0.5830425680390788,
        "largest_cc_frac": 0.98,
        "lambda2_giant": 0.6508893041359809
      },
      "0.05": {
        "isolated_actual": 50,
        "n_components": 56,
        "active_avg_degree": 5.84,
        "actual_homophily": 0.5847152126892574,
        "largest_cc_frac": 0.945,
        "lambda2_giant": 0.5552955455010521
      },
      "0.1": {
        "isolated_actual": 100,
        "n_components": 105,
        "active_avg_degree": 5.728888888888889,
        "actual_homophily": 0.5977501939487975,
        "largest_cc_frac": 0.896,
        "lambda2_giant": 0.5308670692188112
      },
      "0.2": {
        "isolated_actual": 200,
        "n_components": 203,
        "active_avg_degree": 5.855,
        "actual_homophily": 0.5815542271562767,
        "largest_cc_frac": 0.798,
        "lambda2_giant": 0.5423360829422393
      },
      "0.3": {
        "isolated_actual": 300,
        "n_components": 306,
        "active_avg_degree": 5.9,
        "actual_homophily": 0.5927360774818402,
        "largest_cc_frac": 0.695,
        "lambda2_giant": 0.5355014155176113
      }
    },
    "44": {
      "0.0": {
        "isolated_actual": 0,
        "n_components": 1,
        "active_avg_degree": 6.002,
        "actual_homophily": 0.6067977340886371,
        "largest_cc_frac": 1.0,
        "lambda2_giant": 0.684793869223066
      },
      "0.02": {
        "isolated_actual": 20,
        "n_components": 23,
        "active_avg_degree": 5.981632653061224,
        "actual_homophily": 0.6093483452746503,
        "largest_cc_frac": 0.978,
        "lambda2_giant": 0.5112947429996535
      },
      "0.05": {
        "isolated_actual": 50,
        "n_components": 54,
        "active_avg_degree": 6.0610526315789475,
        "actual_homophily": 0.6022924626606461,
        "largest_cc_frac": 0.947,
        "lambda2_giant": 0.329012111141739
      },
      "0.1": {
        "isolated_actual": 100,
        "n_components": 103,
        "active_avg_degree": 6.111111111111111,
        "actual_homophily": 0.6021818181818182,
        "largest_cc_frac": 0.898,
        "lambda2_giant": 0.6023704638059167
      },
      "0.2": {
        "isolated_actual": 200,
        "n_components": 201,
        "active_avg_degree": 6.1375,
        "actual_homophily": 0.6028513238289206,
        "largest_cc_frac": 0.8,
        "lambda2_giant": 0.2703763293454333
      },
      "0.3": {
        "isolated_actual": 300,
        "n_components": 303,
        "active_avg_degree": 6.025714285714286,
        "actual_homophily": 0.6197249881460408,
        "largest_cc_frac": 0.698,
        "lambda2_giant": 0.6467269715535469
      }
    }
  },
  "results": {
    "42": {
      "0.0": {
        "logreg_noisy": [
          0.7,
          0.675,
          0.66,
          0.665,
          0.7
        ],
        "logreg_denoised": [
          0.48,
          0.48,
          0.485,
          0.485,
          0.48
        ],
        "gcn": [
          0.6899999976158142,
          0.6499999761581421,
          0.6299999952316284,
          0.6349999904632568,
          0.6549999713897705
        ],
        "graphsage": [
          0.699999988079071,
          0.675000011920929,
          0.6700000166893005,
          0.6349999904632568,
          0.7099999785423279
        ],
        "gat": [
          0.625,
          0.5950000286102295,
          0.6299999952316284,
          0.6399999856948853,
          0.6499999761581421
        ]
      },
      "0.02": {
        "logreg_noisy": [
          0.715,
          0.66,
          0.685,
          0.68,
          0.685
        ],
        "logreg_denoised": [
          0.475,
          0.485,
          0.485,
          0.47,
          0.485
        ],
        "gcn": [
          0.6449999809265137,
          0.6200000047683716,
          0.675000011920929,
          0.6050000190734863,
          0.6600000262260437
        ],
        "graphsage": [
          0.6899999976158142,
          0.625,
          0.625,
          0.6150000095367432,
          0.699999988079071
        ],
        "gat": [
          0.6349999904632568,
          0.5649999976158142,
          0.6499999761581421,
          0.6100000143051147,
          0.6449999809265137
        ]
      },
      "0.05": {
        "logreg_noisy": [
          0.715,
          0.66,
          0.68,
          0.68,
          0.705
        ],
        "logreg_denoised": [
          0.49,
          0.485,
          0.495,
          0.5,
          0.48
        ],
        "gcn": [
          0.6949999928474426,
          0.6499999761581421,
          0.7049999833106995,
          0.675000011920929,
          0.6899999976158142
        ],
        "graphsage": [
          0.7200000286102295,
          0.6600000262260437,
          0.6549999713897705,
          0.6349999904632568,
          0.7649999856948853
        ],
        "gat": [
          0.675000011920929,
          0.6000000238418579,
          0.6700000166893005,
          0.699999988079071,
          0.6349999904632568
        ]
      },
      "0.1": {
        "logreg_noisy": [
          0.75,
          0.665,
          0.685,
          0.66,
          0.675
        ],
        "logreg_denoised": [
          0.535,
          0.51,
          0.53,
          0.51,
          0.535
        ],
        "gcn": [
          0.6850000023841858,
          0.6650000214576721,
          0.6650000214576721,
          0.7049999833106995,
          0.7049999833106995
        ],
        "graphsage": [
          0.7200000286102295,
          0.675000011920929,
          0.6949999928474426,
          0.6600000262260437,
          0.7149999737739563
        ],
        "gat": [
          0.6949999928474426,
          0.6899999976158142,
          0.6349999904632568,
          0.6650000214576721,
          0.7049999833106995
        ]
      },
      "0.2": {
        "logreg_noisy": [
          0.71,
          0.66,
          0.67,
          0.65,
          0.665
        ],