{
  "properties": {
    "0.5": {
      "actual_homophily": 0.5009966777408638,
      "avg_degree": 6.02,
      "lambda2_giant": 0.5067469719904577,
      "giant_frac": 0.995
    },
    "0.6": {
      "actual_homophily": 0.5976705490848586,
      "avg_degree": 6.01,
      "lambda2_giant": 0.6087699626285012,
      "giant_frac": 0.994
    },
    "0.7": {
      "actual_homophily": 0.6973421926910299,
      "avg_degree": 6.02,
      "lambda2_giant": 0.42489154070688967,
      "giant_frac": 0.997
    },
    "0.8": {
      "actual_homophily": 0.7992688600864074,
      "avg_degree": 6.018,
      "lambda2_giant": 0.532029770616824,
      "giant_frac": 0.996
    },
    "0.9": {
      "actual_homophily": 0.8934696569920845,
      "avg_degree": 6.064,
      "lambda2_giant": 0.5048109723584855,
      "giant_frac": 0.997
    }
  },
  "results": {
    "0.5": {
      "logreg_noisy": [
        0.68,
        0.725,
        0.68,
        0.705,
        0.725,
        0.68,
        0.66,
        0.655,
        0.685,
        0.695
      ],
      "logreg_denoised": [
        0.51,
        0.525,
        0.53,
        0.555,
        0.535,
        0.5,
        0.545,
        0.53,
        0.54,
        0.535
      ],
      "gcn": [
        0.6549999713897705,
        0.5849999785423279,
        0.625,
        0.6100000143051147,
        0.625,
        0.5699999928474426,
        0.5950000286102295,
        0.574999988079071,
        0.5950000286102295,
        0.6150000095367432
      ],
      "graphsage": [
        0.6549999713897705,
        0.7300000190734863,
        0.675000011920929,
        0.6600000262260437,
        0.6899999976158142,
        0.675000011920929,
        0.6800000071525574,
        0.6700000166893005,
        0.7049999833106995,
        0.675000011920929
      ],
      "gat": [
        0.6100000143051147,
        0.6200000047683716,
        0.5600000023841858,
        0.574999988079071,
        0.49000000953674316,
        0.5149999856948853,
        0.5899999737739563,
        0.5600000023841858,
        0.5450000166893005,
        0.5950000286102295
      ]
    },
    "0.6": {
      "logreg_noisy": [
        0.68,
        0.725,
        0.68,
        0.705,
        0.725,
        0.68,
        0.66,
        0.655,
        0.685,
        0.695
      ],
      "logreg_denoised": [
        0.49,
        0.505,
        0.475,
        0.505,
        0.505,
        0.51,
        0.49,
        0.49,
        0.515,
        0.485
      ],
      "gcn": [
        0.6700000166893005,
        0.6600000262260437,
        0.6499999761581421,
        0.6600000262260437,
        0.675000011920929,
        0.675000011920929,
        0.6000000238418579,
        0.6850000023841858,
        0.6549999713897705,
        0.7099999785423279
      ],
      "graphsage": [
        0.6899999976158142,
        0.7649999856948853,
        0.6700000166893005,
        0.7250000238418579,
        0.7400000095367432,
        0.7149999737739563,
        0.6949999928474426,
        0.675000011920929,
        0.6549999713897705,
        0.7400000095367432
      ],
      "gat": [
        0.6949999928474426,
        0.6899999976158142,
        0.6650000214576721,
        0.6700000166893005,
        0.6650000214576721,
        0.6600000262260437,
        0.675000011920929,
        0.5699999928474426,
        0.6299999952316284,
        0.7200000286102295
      ]
    },
    "0.7": {
      "logreg_noisy": [
        0.68,
        0.725,
        0.68,
        0.705,
        0.725,
        0.68,
        0.66,
        0.655,
        0.685,
        0.695
      ],
      "logreg_denoised": [
        0.575,
        0.59,
        0.6,
        0.585,
        0.59,
        0.615,
        0.585,
        0.56,
        0.595,
        0.59
      ],
      "gcn": [
        0.8050000071525574,
        0.7950000166893005,
        0.8299999833106995,
        0.7900000214576721,
        0.7950000166893005,
        0.800000011920929,
        0.8100000023841858,
        0.7950000166893005,
        0.7149999737739563,
        0.8050000071525574
      ],
      "graphsage": [
        0.75,
        0.7749999761581421,
        0.7549999952316284,
        0.7699999809265137,
        0.7900000214576721,
        0.7699999809265137,
        0.7599999904632568,
        0.6850000023841858,
        0.7599999904632568,
        0.7549999952316284
      ],
      "gat": [
        0.7649999856948853,
        0.7699999809265137,
        0.7300000190734863,
        0.75,
        0.800000011920929,
        0.7649999856948853,
        0.800000011920929,
        0.7649999856948853,
        0.7649999856948853,
        0.7749999761581421
      ]
    },
    "0.8": {
      "logreg_noisy": [
        0.68,
        0.725,
        0.68,
        0.705,
        0.725,
        0.68,
        0.66,
        0.655,
        0.685,
        0.695
      ],
      "logreg_denoised": [
        0.89,
        0.88,
        0.885,
        0.88,
        0.88,
        0.885,
        0.895,
        0.885,
        0.89,
        0.88
      ],
      "gcn": [
        0.8849999904632568,
        0.8849999904632568,
        0.9049999713897705,
        0.8399999737739563,
        0.8700000047683716,
        0.9049999713897705,
        0.8700000047683716,
        0.8899999856948853,
        0.875,
        0.8899999856948853
      ],
      "graphsage": [
        0.8600000143051147,
        0.8500000238418579,
        0.8199999928474426,
        0.8550000190734863,
        0.8999999761581421,
        0.8949999809265137,
        0.8550000190734863,
        0.8500000238418579,
        0.8650000095367432,
        0.8550000190734863
      ],
      "gat": [
        0.8600000143051147,
        0.875,
        0.9100000262260437,
        0.8700000047683716,
        0.8849999904632568,
        0.875,
        0.8600000143051147,
        0.8050000071525574,
        0.8550000190734863,
        0.8849999904632568
      ]
    },
    "0.9": {
      "logreg_noisy": [
        0.68,
        0.725,
        0.68,
        0.705,
        0.725,
        0.68,
        0.66,
        0.655,
        0.685,
        0.695
      ],
      "logreg_denoised": [
        0.985,
        0.97,
        0.98,
        0.975,
        0.98,
        0.98,
        0.975,
        0.975,
        0.975,
        0.98
      ],
      "gcn": [
        0.9449999928474426,
        0.9449999928474426,
        0.9599999785423279,
        0.9449999928474426,
        0.9599999785423279,
        0.9599999785423279,
        0.9399999976158142,
        0.9350000023841858,
        0.9449999928474426,
        0.949999988079071
      ],
      "graphsage": [
        0.9449999928474426,
        0.949999988079071,
        0.9549999833106995,
        0.9300000071525574,
        0.9200000166893005,
        0.9399999976158142,
        0.9200000166893005,
        0.925000011920929,
        0.925000011920929,
        0.9449999928474426
      ],
      "gat": [
        0.9350000023841858,
        0.9449999928474426,
        0.9649999737739563,
        0.9449999928474426,
        0.9449999928474426,
        0.9549999833106995,
        0.925000011920929,
        0.9399999976158142,
        0.925000011920929,
        0.949999988079071
      ]
    }
  }
}